Company_Name,Face Value,Issue Price,Lot Size,Sale Type,Total Issue Size,Fresh Issue,Offer for Sale,Issue Type,Promoter Holding Pre Issue,Promoter Holding Post Issue,ROE,ROCE,Debt/Equity,RoNW,PAT Margin,ebitda_margin,Price to Book Value,Final Issue Price,EPS_PreIPO,EPS_PostIPO,PE_PreIPO,PE_PostIPO,QIB_Subs,NII_Subs,Bnii_subs,Snii_subs,Retail_Subs,Employee_Subs,total_Subs,BSE_Open,BSE_Close,NSE_Open,NSE_Close
All Time Plastics,2,260 to ₹275,54,Fresh Capital-cum-Offer for Sale,"1,45,70,760 shares","1,01,85,198 shares","Total Issue Size	1,45,70,760 shares",Bookbuilding IPO,90.98,70.15,19.01%,16.99%,0.88,19.01%,8.46%,,7.15,275,8.55,7.22,32.17,38.09,10.3,14.01,14.6,12.84,5.36,7.81,8.62,,,,
BlueStone Jewellery,1,492 to ₹517,29,Fresh Capital-cum-Offer for Sale,"2,97,99,798 shares","1,58,60,735 shares","Total Issue Size	2,97,99,798 shares",Bookbuilding IPO,18.28,16.07,-34.53%,-3.67%,0.8,-24.45%,-12.53%,,2.01,517,,,,,4.25,0.57,0.68,0.34,1.38,,2.72,,,,
Indiqube Spaces,1,225 to ₹237,63,Fresh Capital-cum-Offer for Sale,"2,95,42,340 shares","2,74,32,636 shares","Total Issue Size	2,95,42,340 shares",Bookbuilding IPO,70.37,60.23,-2.19%,34.21%,-110.58,,-12.66%,,,237,-7.65,,,,15.12,8.68,8.35,9.34,13.28,6.95,13,,,,
JSW Cement,10,139 to ₹147,102,Fresh Capital-cum-Offer for Sale,"24,48,97,958 shares","10,88,43,537 shares","Total Issue Size	24,48,97,958 shares",Bookbuilding IPO,78.61,72.33,-6.9,7.05%,0.98,-4.85%,2.77%,13.78%,6.16,147,-1.31%,-1.20%,-112.61%,-122.38%,16.71,11.6,13.29%,8.24%,1.91,,8.22,,,,
Ellenbarrie Industrial Gases,2,380 to ₹400,37,Fresh Capital-cum-Offer for Sale,"2,13,13,130 shares","1,00,00,000 shares","Total Issue Size	2,13,13,130 shares",Bookbuilding IPO,96.47,81.59,16.88%,13.71%,0.32,24.97%,23.90%,35.12%,20.93,400,6.36%,5.91%,62.88,67.69,64.23,15.21,17,11.62,2.14,,22.19,,,,
Entero Healthcare Solutions,10,1195 to ₹1258,11,Fresh Capital-cum-Offer for Sale,"1,27,20,044 shares","79,52,518 shares","Total Issue Size	1,27,20,044 shares",Bookbuilding IPO,77.11,,-2.66%,6.06%,0.45,-1.86%,,,7.22,1258,0,9.7,0,129.75,2.28,0.22,0.16,0.33,1.33,1.25,1.53,,,,
Jana Small Finance Bank,10,393 to ₹414,36,Fresh Capital-cum-Offer for Sale,"1,37,68,049 shares","1,11,59,420 shares","Total Issue Size	1,37,68,049 shares",Bookbuilding IPO,25.2,,16.78%,,3.49,14.40%,,,1.28,414,27.4,40.77,15.11,10.15,39.81,26.13,28.73,20.94,5.7,,19.89,,,,
Capital Small Finance Bank,10,445 to ₹468,32,Fresh Capital-cum-Offer for Sale,"1,11,76,713 shares","96,15,384 shares","Total Issue Size	1,11,76,713 shares",Bookbuilding IPO,24.01,,16.45%,,0.95,15.33%,,,1.81,468,,,17.68,19.35,6.86,4.23,,,2.6,,,,,,
Apeejay Surrendra Park Hotels,1,147 to ₹155,96,Fresh Capital-cum-Offer for Sale,"5,93,57,646 shares","3,87,22,118 shares","Total Issue Size	5,93,57,646 shares",Bookbuilding IPO,94.18,68.13,,,0.99,9.03%,,,4.87,155,,,56.33,72.05,79.23,55.26,,,32,5.73,,,,,
Services,10,129 to ₹135,108,Fresh Capital,"2,30,30,000 shares",,,Bookbuilding IPO,93.8,68.9,33.33%,30.62%,0.05,16.46%,,,7.2,135,,,44.31,60.33,123.3,300.05,,,236.53,,15.3,,,,
EPACK Durable,10,218 to ₹230,65,Fresh Capital-cum-Offer for Sale,"2,78,28,351 shares","1,73,91,304 shares","Total Issue Size	2,78,28,351 shares",Bookbuilding IPO,85.49,65.36,14.68%,11.85%,1.58,14.68%,,,4.98,230,,,56.4,415.1,25.59,29.07,,,6.5,,,,,,
Nova AgriTech,2,39 to ₹41,365,Fresh Capital-cum-Offer for Sale,"3,50,75,693 shares","2,73,17,073 shares","Total Issue Size	3,50,75,693 shares",Bookbuilding IPO,84.27,59.39,38.27%,27.25%,1.11,32.08%,,,4.06,41,,,13.05,18.27,81.13,233.03,,,80.2,,,,,,
Jyoti CNC Automation,2,315 to ₹331,45,Fresh Capital,"3,02,18,649 shares","towards the following objects: Repayment and/ or pre-payment, in full or part, of certain borrowings availed by the company;",,Bookbuilding IPO,72.66,62.6,18.35%,9.50%,10.17,18.35%,,,59.43,331,,,433.43,1122.83,46.37,38.33,,,27.5,13.14,.,,,,
Azad Engineering,2,499 to ₹524,28,Fresh Capital-cum-Offer for Sale,"1,41,22,108 shares","45,80,151 shares","Total Issue Size	1,41,22,108 shares",Bookbuilding IPO,78.61,56.38,4.20%,12.99%,1.47,4.23%,,,,524,,,292.74,57.58,179.64,90.24,,,24.51,,,,,,
Muthoot Microfin,10,277 to ₹291,51,Fresh Capital-cum-Offer for Sale,"3,30,07,054 shares","2,61,34,205 shares","Total Issue Size	3,30,07,054 shares",Bookbuilding IPO,69.08,55.47,11.06%,,3.99,10.08%,,,,291,,,24.96,25.38,18.35,13.87,,,8,,,,,,
Globe Civil Projects,10,67 to ₹71,211,Fresh Capital,"1,67,60,560 shares",,,Bookbuilding IPO,88.14,63.43,21.95%,23.07%,1.6,19.80%,4.59%,,3.92,71,,,19.83,17.88,82.13,143.14,,,53.67,,,,,,
Innova Captab,10,426 to ₹448,33,Fresh Capital-cum-Offer for Sale,"1,27,23,214 shares","71,42,857 shares","Total Issue Size	1,27,23,214 shares",Bookbuilding IPO,66.85,,24.58%,22.61%,0.85,24.58%,,,,448,,,31.64,36.42,116.73,64.95,,,17.15,,.,,,,
Happy Forgings,2,808 to ₹850,17,Fresh Capital-cum-Offer for Sale,"1,18,65,802 shares","47,05,882 shares","Total Issue Size	1,18,65,802 shares",Bookbuilding IPO,88.24,78.6,21.12%,24.24%,,21.12%,,,,850,,,36.45,33.56,214.65,63.45,,,15.4,,.,,,,
Credo Brands Marketing,2,266 to ₹280,53,Offer For Sale,"1,96,34,960 shares",,"Total Issue Size	1,96,34,960 shares",Bookbuilding IPO,66.66,53.66,29.98%,28.16%,0.65,29.98%,,,,280,,,23.22,23.23,104.95,55.52,,,19.94,,,,,,
RBZ Jewellers,10,95 to ₹100,150,Fresh Capital,"1,00,00,000 shares",,,Bookbuilding IPO,100,75,27.49%,27.49%,1.02,20.08%,,,,100,,,13.77,16.53,13.43,9.27,,,24.74,,.,,,,
Suraj Estate Developers,5,340 to ₹360,41,Fresh Capital,"1,11,11,111 shares",,,Bookbuilding IPO,100,74.95,58.18%,21.93%,8.31,58.18%,,,,360,,,35.64,49.81,25.74,20.02,,,9.85,,.,,,,
Motisons Jewellers,10,52 to ₹55,250,Fresh Capital,"2,74,71,000 shares",towards funding the following objects: Repayment of existing borrowings availed by the company from scheduled commercial banks.,,Bookbuilding IPO,91.6,66,17.56%,30.04%,3.32,16.15%,,,,55,,,17.59,24.66,135.01,311.99,,,135.6,,,,,,
DOMS Industries,10,750 to ₹790,18,Fresh Capital-cum-Offer for Sale,"1,51,96,510 shares","44,37,018 shares","Total Issue Size	1,51,96,510 shares",Bookbuilding IPO,100,74.97,33.54%,33.31%,0.28,28.39%,,,,790,,,,,122.16,70.06,,,73.38,,,,,,
Inox India,2,627 to ₹660,22,Offer For Sale,"2,21,10,955 shares",,"Total Issue Size	2,21,10,955 shares",Bookbuilding IPO,99.3,75.46,27.79%,36.53%,,27.79%,,,,660,,,39.22,29,147.8,53.2,,,15.3,,.,,,,
India Shelter Finance,5,469 to ₹493,30,Fresh Capital-cum-Offer for Sale,"2,43,40,768 shares","1,62,27,180 shares","Total Issue Size	2,43,40,768 shares",Bookbuilding IPO,56.75,48.17,13.40%,,2.12,13.40%,,,,493,,,28.22,24.58,94.29,29.97,,,10.46,,,,,,
Tata Technologies,2,475 to ₹500,30,Offer For Sale,"6,08,50,278 shares",,"Total Issue Size	6,08,50,278 shares",Bookbuilding IPO,66.79,55.39,,,,20.87%,,,,500,,,32.53,28.82,203.41,62.11,,,16.5,3.7,29.2,,,,
Arisinfra Solutions,2,210 to ₹222,67,Fresh Capital,"2,25,04,324 shares",,,Bookbuilding IPO,51.67,37.5,,,1.45,13.14%,,,8.61,222,,,,,1.5,3.32,,,5.9,,,,,,
Gandhar Oil Refinery,2,160 to ₹169,88,Fresh Capital-cum-Offer for Sale,"2,96,26,732 shares","1,78,69,822 shares","Total Issue Size	2,96,26,732 shares",Bookbuilding IPO,87.5,64.63,32.28%,41.19%,0.22,32.28%,,,,169,,,,,129.06,64.34,,,29.93,,,,,,
IREDA,10,30 to ₹32,460,Fresh Capital-cum-Offer for Sale,"67,19,41,177 shares","40,31,64,706 shares","Total Issue Size	67,19,41,177 shares",Bookbuilding IPO,100,75,15.44%,,6.77,15.44%,,,,32,,,8.47,7.42,104.57,24.16,,,7.73,9.8,,,,,
Flair Writing Industries,5,288 to ₹304,49,Fresh Capital-cum-Offer for Sale,"1,95,06,578 shares","96,05,263 shares","Total Issue Size	1,95,06,578 shares",Bookbuilding IPO,97.49,79.21,31.17%,31.24%,0.26,31.17%,,,,304,,,23.36,25.7,122.02,35.23,,,13.73,,,,,,
Fedbank Financial,10,133 to ₹140,107,Fresh Capital-cum-Offer for Sale,"7,80,42,871 shares","4,28,95,082 shares","Total Issue Size	7,80,42,871 shares",Bookbuilding IPO,72.28,62.4,14.36%,,,13.29%,,,,140,,,25.04,23.97,3.48,1.49,,,1.88,1.34,,,,,
Protean eGov Technologies,10,752 to ₹792,18,Offer For Sale,"61,91,000 shares",,"Total Issue Size	61,91,000 shares",Bookbuilding IPO,,,12.49%,16.13%,,12.49%,,,,792,,,29.91,24.86,46.94,31.62,,,8.93,1.49,,,,,
ASK Automotive,2,268 to ₹282,53,Offer For Sale,"2,95,71,390 shares",,"Total Issue Size	2,95,71,390 shares",Bookbuilding IPO,100,,,,0.49,19.10%,,,,282,,,45.63,39.89,142.41,35.47,,,5.7,,.,,,,
ESAF Small Finance Bank,10,57 to ₹60,250,Fresh Capital-cum-Offer for Sale,"7,73,56,059 shares","6,53,06,060 shares","Total Issue Size	7,73,56,059 shares",Bookbuilding IPO,74.43,59.74,,,,17.69%,,,,60,,,8.94,5.94,182.66,88.81,,,17.86,4.59,,,,,
Honasa Consumer,10,308 to ₹324,46,Fresh Capital-cum-Offer for Sale,"5,25,15,692 shares","1,12,67,530 shares","Total Issue Size	5,25,15,692 shares",Bookbuilding IPO,37.41,35.34,,,,23.57%,,,,324,,,,,11.5,4.02,,,1.35,4.88,,,,,
Cello World,5,617 to ₹648,23,Offer For Sale,"2,93,37,023 shares",,"Total Issue Size	2,93,37,023 shares",Bookbuilding IPO,91.8,78.06,39.90%,44.48%,0.62,23.17%,,,,648,,,,,122.2,25.65,,,3.21,2.74,,,,,
Plaza Wires,10,51 to ₹54,277,Fresh Capital,"1,32,00,158 shares",,,Bookbuilding IPO,100,69.83,14.15%,15.57%,0.75,14.16%,,,,54,,,,,42.84,388.09,,,374.81,,,,,,
Oswal Pumps,1,584 to ₹614,24,Fresh Capital-cum-Offer for Sale,"2,25,95,114 shares","1,44,95,114 shares","Total Issue Size	2,25,95,114 shares",Bookbuilding IPO,94.84,75.68,,81.85%,0.42,88.73%,12.83%,,38.14,614,,,62.54,24.22,88.08,36.7,,,3.6,,,,,,
Blue Jet Healthcare,2,329 to ₹346,43,Offer For Sale,"2,42,85,160 shares",,"Total Issue Size	2,42,85,160 shares",Bookbuilding IPO,100,86,26.60%,31.91%,,23.48%,,,,346,,,37.49,34.02,13.72,13.59,,,2.24,,,,,,
IRM Energy,10,480 to ₹505,29,Fresh Capital,"1,08,00,000 shares",,,Bookbuilding IPO,67.94,,18.23%,14.19%,0.93,18.23%,,,,505,,,24.13,32.8,44.73,48.34,,,9.29,2.05,,,,,
Updater,10,280 to ₹300,50,Fresh Capital-cum-Offer for Sale,"2,13,33,333 shares","1,33,33,333 shares","Total Issue Size	2,13,33,333 shares",Bookbuilding IPO,80.58,58.47,9.40%,14.17%,0.46,9.34%,,,,300,,,44.31,57.8,4.5,0.89,,,1.45,,,,,,
Jewellers,10,204 to ₹215,69,Fresh Capital-cum-Offer for Sale,"1,25,67,441 shares","97,67,441 shares","Total Issue Size	1,25,67,441 shares",Bookbuilding IPO,100,74.27,23.19%,17.71%,1.34,20.78%,,,,215,,,,,1.08,5.4,,,1.73,,,,,,
JSW Infrastructure,2,113 to ₹119,126,Fresh Capital,"23,52,94,117 shares",,,Bookbuilding IPO,96.42,85.61,18.33%,19.49%,,18.80%,,,,119,,,29.67,19.38,60.12,16.83,,,10.87,,,,,,
Signatureglobal,1,366 to ₹385,38,Fresh Capital-cum-Offer for Sale,"1,89,61,038 shares","1,56,62,337 shares","Total Issue Size	1,89,61,038 shares",Bookbuilding IPO,78.36,69.63,134.00%,1%,34.1,,,,,385,,,,,13.37,14.24,,,7.17,,,,,,
,2,210 to ₹222,67,Fresh Capital-cum-Offer for Sale,"5,40,99,027 shares","2,70,27,027 shares","Total Issue Size	5,40,99,027 shares",Bookbuilding IPO,95.23,60.8,27.96%,23.55%,0.87,24.56%,,,,222,,,27.37,34.91,12.17,2.54,,,0.91,,,,,,
Yatra Online,1,135 to ₹142,105,Fresh Capital-cum-Offer for Sale,"5,45,77,465 shares","4,23,94,366 shares","Total Issue Size	5,45,77,465 shares",Bookbuilding IPO,98.59,64.46,18.10%,26.00%,0.9,4.50%,,,,142,,,205.8,289.8,2.1,0.43,,,2.19,,,,,,
SAMHI Hotels,1,119 to ₹126,119,Fresh Capital-cum-Offer for Sale,"10,87,38,095 shares","9,52,38,095 shares","Total Issue Size	10,87,38,095 shares",Bookbuilding IPO,,,,,,,,,,126,,,,,9.18,1.29,,,1.17,,,,,,
Zaggle Prepaid Ocean,1,156 to ₹164,90,Fresh Capital-cum-Offer for Sale,"3,43,52,255 shares","2,39,02,439 shares","Total Issue Size	3,43,52,255 shares",Bookbuilding IPO,57.91,,46.98%,,2.48,46.98%,,,,164,,,66.67,87.23,16.94,9.16,,,6.15,,,,,,
Prostarm Info Systems,10,95 to ₹105,142,Fresh Capital,"1,60,00,000 shares",,,Bookbuilding IPO,100,72.82,31.41%,32.41%,0.51,32.09%,8.85%,,5.34,105,,,19.75,20.97,102.67,222.13,,,39.48,,,,,,
R R Kabel,5,983 to ₹1035,14,Fresh Capital-cum-Offer for Sale,"1,89,86,713 shares","17,50,031 shares","Total Issue Size	1,89,86,713 shares",Bookbuilding IPO,66.42,62.77,14.22%,15.57%,0.36,13.66%,,,,1035,,,,,52.26,13.23,,,2.13,2.69,,,,,
EMS,10,200 to ₹211,70,Fresh Capital-cum-Offer for Sale,"1,52,24,925 shares","69,30,807 shares","Total Issue Size	1,52,24,925 shares",Bookbuilding IPO,96.71,,22.27%,28.26%,0.09,22.31%,,,,211,,,,,149.98,84.39,,,30.55,,,,,,
Jupiter Life Line Hospitals,10,695 to ₹735,20,Fresh Capital-cum-Offer for Sale,"1,18,24,163 shares","73,74,163 shares","Total Issue Size	1,18,24,163 shares",Bookbuilding IPO,49.79,40.91,20.03%,20.94%,,20.03%,,,,735,,,52.68,66.1,181.89,36,,,8,,,,,,
Ratnaveer Precision Engineering,10,93 to ₹98,150,Fresh Capital-cum-Offer for Sale,"1,68,40,000 shares","1,38,00,000 shares","Total Issue Size	1,68,40,000 shares",Bookbuilding IPO,86.3,55.48,29.12%,12.62%,2.17,29.12%,,,,98,,,,,133.05,135.21,,,54,,,,,,
Rishabh Instruments,10,418 to ₹441,34,Fresh Capital-cum-Offer for Sale,"1,11,28,858 shares","17,00,680 shares","Total Issue Size	1,11,28,858 shares",Bookbuilding IPO,80.67,70.68,12.39%,13.77%,0.26,11.67%,,,,441,,,,,72.54,31.29,,,8.44,,,,,,
Punglia,10,94 to ₹99,150,Fresh Capital,"3,12,00,000 shares",,,Bookbuilding IPO,90.45,67.81,,33.72%,0.8,38.31%,,,,99,,,,,171.69,111.03,,,32.01,12.97,,,,,
Aeroflex Industries,2,102 to ₹108,130,Fresh Capital-cum-Offer for Sale,"3,25,00,000 shares","1,50,00,000 shares","Total Issue Size	3,25,00,000 shares",Bookbuilding IPO,91.09,66.99,26.43%,31.96%,0.39,26.43%,,,,108,,,,,194.73,126.13,,,34.41,,28.52,,,,
Concord Biotech,1,705 to ₹741,20,Offer For Sale,"2,09,25,652 shares",,"Total Issue Size	2,09,25,652 shares",Bookbuilding IPO,44.08,44.08,20.06%,24.27%,,20%,,,,741,,,,,67.67,16.99,,,3.78,24.48,.,,,,
TVS Supply Chain Solutions,1,187 to ₹197,76,Fresh Capital-cum-Offer for Sale,"4,46,70,050 shares","3,04,56,852 shares","Total Issue Size	4,46,70,050 shares",Bookbuilding IPO,46.65,41.6,5.50%,7.64%,,5.50%,,,,197,,,,,1.37,2.44,,,7.89,,,,,,
SBFC Finance,10,54 to ₹57,260,Fresh Capital-cum-Offer for Sale,"17,98,63,285 shares","10,53,01,883 shares","Total Issue Size	17,98,63,285 shares",Bookbuilding IPO,78.83,64.03,9.93%,,2.2,7.97%,,,,57,,,,,203.61,51.82,,,11.6,6.21,,,,,
Schloss Bangalore,10,413 to ₹435,34,Fresh Capital-cum-Offer for Sale,"8,04,59,769 shares","5,74,71,264 shares","Total Issue Size	8,04,59,769 shares",Bookbuilding IPO,100,75.91,,,,1.32%,,,2.92,435,,,160.63,213.09,7.82,1.08,,,0.87,,,,,,
Yatharth Hospital,10,285 to ₹300,50,Fresh Capital-cum-Offer for Sale,"2,28,85,023 shares","1,63,33,333 shares","Total Issue Size	2,28,85,023 shares",Bookbuilding IPO,91.34,66.32,35.95%,26.10%,1.44,35.95%,,,,300,,,,,86.37,38.62,,,8.66,,,,,,
Netweb Technologies,2,475 to ₹500,30,Fresh Capital-cum-Offer for Sale,"1,26,21,000 shares","41,21,000 shares","Total Issue Size	1,26,21,000 shares",Bookbuilding IPO,97.8,75.45,68.01%,64.42%,0.3,68.01%,,,,500,,,,,220.69,83.21,,,19.48,55.92,,,,,
Utkarsh Small Finance Bank,10,23 to ₹25,600,Fresh Capital,"20,00,00,000 shares",,,Bookbuilding IPO,84.75,69.28,22.64%,,8.03,20.22%,,,,25,,,,,135.71,88.74,,,78.38,18.02,,,,,
Senco Gold,10,301 to ₹317,47,Fresh Capital-cum-Offer for Sale,"1,27,76,025 shares","85,17,350 shares","Total Issue Size	1,27,76,025 shares",Bookbuilding IPO,76.92,68.48,18.90%,14.20%,1.25,18.96%,,,,317,,,,,190.56,68.44,,,16.28,,,,,,
Cyient DLM,10,250 to ₹265,56,Fresh Capital,"2,23,64,653 shares",,,Bookbuilding IPO,92.84,66.68,23.10%,13.48%,,30.45%,,,,265,,,,,95.87,47.75,,,52.17,2.6,,,,,
ideaForge Technology,10,638 to ₹672,22,Fresh Capital-cum-Offer for Sale,"84,41,764 shares","35,72,052 shares","Total Issue Size	84,41,764 shares",Bookbuilding IPO,33.37,30.19,13.11%,12.51%,0.27,9.85%,,,,672,,,,,125.81,80.58,,,85.2,96.65,,,,,
HMA Agro Industries,10,555 to ₹585,25,Fresh Capital-cum-Offer for Sale,"82,05,127 shares","25,64,102 shares","Total Issue Size	82,05,127 shares",Bookbuilding IPO,100,,,0.33,0.75,28.78%,,,,585,,,,,1.74,2.97,,,0.96,,,,,,
IKIO Lighting,10,270 to ₹285,52,Fresh Capital-cum-Offer for Sale,"2,12,80,701 shares","1,22,80,701 shares","Total Issue Size	2,12,80,701 shares",Bookbuilding IPO,100,72.46,36.00%,26.00%,1.03,36.46%,,,,285,,,,,163.06,65.38,,,14.31,,,,,,
Mankind Pharma,1,1026 to ₹1080,13,Offer For Sale,"4,00,58,844 shares",,"Total Issue Size	4,00,58,844 shares",Bookbuilding IPO,79,76.5,27.60%,26.10%,,27.70%,,,,1080,,,,,49.16,3.8,,,0.92,,,,,,
De Neers Tools,10,95 to ₹101,"1,200",Fresh Capital,"22,76,400 shares",,,Bookbuilding IPO,91.14,,,,,21.17%,,,,101,,,,,3.72,,,,11.88,,,,,,
Aegis Vopak Terminals,10,223 to ₹235,63,Fresh Capital,"11,91,48,936 shares",,,Bookbuilding IPO,97.41,85.93,8.68%,8.39%,2.59,7.51%,15.18%,,17.71,235,,,268.51,227.36,3.47,0.59,,,0.81,,,,,,
Avalon Technologies,2,415 to ₹436,34,Fresh Capital-cum-Offer for Sale,"1,98,39,446 shares","73,39,449 shares","Total Issue Size	1,98,39,446 shares",Bookbuilding IPO,70.75,51.24,85.90%,27.40%,3.64,,,,,436,,,,,3.77,0.43,,,0.88,,,,,,
Global Surfaces,10,133 to ₹140,100,Fresh Capital-cum-Offer for Sale,"1,10,70,000 shares","85,20,000 shares","Total Issue Size	1,10,70,000 shares",Bookbuilding IPO,99.35,,,.,,,,,,140,,,,,8.95,33.1,,,5.12,,,,,,
Udayshivakumar Infra,10,33 to ₹35,428,Fresh Capital,"1,88,57,142 shares",,,Bookbuilding IPO,100,65.9,17.80%,20.71%,0.16,,,,,35,,,,,42.92,64.08,,,14.95,,,,,,
Divgi TorqTransfer Systems,5,560 to ₹590,25,Fresh Capital-cum-Offer for Sale,"69,85,090 shares","30,50,847 shares","Total Issue Size	69,85,090 shares",Bookbuilding IPO,67.18,,,,,,,,,590,,,,,7.83,1.4,,,4.31,,,,,,
Sah Polymers,10,61 to ₹65,230,Fresh Capital,"1,02,00,000 shares",,,Bookbuilding IPO,100,60.46,,,,,,,,65,,,,,2.4,32.69,,,39.78,,,,,,
Radiant Cash Management,1,94 to ₹99,150,Fresh Capital-cum-Offer for Sale,"2,66,76,977 shares","54,54,546 shares","Total Issue Size	2,66,76,977 shares",Bookbuilding IPO,66.39,53.21,,,,,,,,94,,,,,1.01,0.66,,,0.21,,,,,,
KFin Technologies,10,347 to ₹366,40,Offer For Sale,"4,09,83,606 shares",,"Total Issue Size	4,09,83,606 shares",Bookbuilding IPO,74.37,49.91,,,,,,,,366,,,,,4.17,0.23,,,1.36,,,,,,
Elin Electronics,5,234 to ₹247,60,Fresh Capital-cum-Offer for Sale,"1,92,30,746 shares","70,85,020 shares","Total Issue Size	1,92,30,746 shares",Bookbuilding IPO,53.98,32.93,,,,,,,,247,,,,,4.51,3.29,,,2.2,,,,,,
Abans Holdings,2,256 to ₹270,55,Fresh Capital-cum-Offer for Sale,"1,28,00,000 shares","38,00,000 shares","Total Issue Size	1,28,00,000 shares",Bookbuilding IPO,97.42,72.09,,,,,,,,270,,,,,4.1,1.48,,,0.4,,,,,,
Landmark Cars,5,481 to ₹506,29,Fresh Capital-cum-Offer for Sale,"1,09,11,160 shares","29,66,498 shares","Total Issue Size	1,09,11,160 shares",Bookbuilding IPO,60.24,44.61,,,,,,,,506,,,,,8.71,1.32,,,0.59,2.93,,,,,
Belrise Industries,5,85 to ₹90,166,Fresh Capital,"23,88,88,888 shares",,,Bookbuilding IPO,99.81,73.01,,14.83%,0.97,13.33%,4.36%,,2.5,90,,,16.61,24.47,112.63,40.58,,,4.52,,,,,,
Sula Vineyards,2,340 to ₹357,42,Offer For Sale,"2,69,00,530 shares",,"Total Issue Size	2,69,00,530 shares",Bookbuilding IPO,28.44,27.33,,,,,,,,357,,,,,4.13,1.51,,,1.65,,,,,,
Dharmaj Crop Guard,10,216 to ₹237,60,Fresh Capital-cum-Offer for Sale,"1,05,96,924 shares","91,13,924 shares","Total Issue Size	1,05,96,924 shares",Bookbuilding IPO,100,68.64,,,,,,,,237,,,,,48.21,52.29,,,21.53,7.48,,,,,
Uniparts India,10,548 to ₹577,25,Offer For Sale,"1,44,81,942 shares",,"Total Issue Size	1,44,81,942 shares",Bookbuilding IPO,75.54,65.79,,,,,,,,577,,,,,67.14,17.86,,,4.63,,,,,,
Kaynes Technology,10,559 to ₹587,25,Fresh Capital-cum-Offer for Sale,"1,46,13,624 shares","90,28,960 shares","Total Issue Size	1,46,13,624 shares",Bookbuilding IPO,79.78,67.39,,,,,,,,587,,,,,98.47,21.21,,,4.1,11.92,,,,,
Keystone Realtors,10,514 to ₹541,27,Fresh Capital-cum-Offer for Sale,"1,17,37,521 shares","1,03,51,201 shares","Total Issue Size	1,17,37,521 shares",Bookbuilding IPO,96.71,87.92,,,,,,,,541,,,,,3.84,3.03,,,0.53,,,,,,
Inox Green Energy,10,61 to ₹65,230,Fresh Capital-cum-Offer for Sale,"11,38,46,152 shares","5,69,23,076 shares","Total Issue Size	11,38,46,152 shares",Bookbuilding IPO,93.84,56.04,,,,,,,,65,,,,,1.05,0.47,,,4.7,,,,,,
Star Business Finance,1,450 to ₹474,31,Offer For Sale,"3,35,12,901 shares",,"Total Issue Size	3,35,12,901 shares",Bookbuilding IPO,40.07,33.65,,,,,,,,474,,,,,1.77,0.61,,,0.11,,,,,,
Archean Chemical Industries,2,386 to ₹407,36,Fresh Capital-cum-Offer for Sale,"3,59,28,869 shares","1,97,78,869 shares","Total Issue Size	3,59,28,869 shares",Bookbuilding IPO,65.58,53.41,,,,,,,,407,,,,,48.91,14.9,,,9.96,,,,,,
Bikaji Foods International,1,285 to ₹300,50,Offer For Sale,"2,93,73,984 shares",,"Total Issue Size	2,93,73,984 shares",Bookbuilding IPO,77.97,75.96,,,,,,,,300,,,,,80.63,7.1,,,4.77,4.38,,,,,
Global Health,2,319 to ₹336,44,Fresh Capital-cum-Offer for Sale,"6,56,41,952 shares","1,48,80,952 shares","Total Issue Size	6,56,41,952 shares",Bookbuilding IPO,35,33,,,,,,,,336,,,,,28.64,4.02,,,0.88,,,,,,
Ather Energy,1,304 to ₹321,46,Fresh Capital-cum-Offer for Sale,"9,28,67,945 shares","8,18,16,199 shares","Total Issue Size	9,28,67,945 shares",Bookbuilding IPO,54.61,42.09,,,,194%,,,,321,,,,,1.76,0.69,,,1.89,5.43,,,,,
Fusion Micro Finance,10,350 to ₹368,40,Fresh Capital-cum-Offer for Sale,"2,99,99,813 shares","1,63,04,347 shares","Total Issue Size	2,99,99,813 shares",Bookbuilding IPO,85.57,58.1,,,,,,,,368,,,,,8.59,1.38,,,0.51,,,,,,
DCX Systems,2,197 to ₹207,72,Fresh Capital-cum-Offer for Sale,"2,41,54,587 shares","1,93,23,671 shares","Total Issue Size	2,41,54,587 shares",Bookbuilding IPO,98.2,73.58,,,,,,,,207,,,,,84.32,43.97,,,61.77,,,,,,
Integrated Personnel Services,10,59,"2,000",Fresh Capital,"21,60,000 shares",,,Fixed Price IPO,98.61,69.05,,,,,,,,59,,,,,,,,,24.49,,.,,,,
Tracxn Technologies,1,75 to ₹80,185,Offer For Sale,"3,86,72,208 shares",,"Total Issue Size	3,86,72,208 shares",Bookbuilding IPO,50.93,35.65,,,,,,,,80,,,,,1.66,0.8,,,4.87,,,,,,
Electronics Mart,10,56 to ₹59,254,Fresh Capital,"8,47,45,762 shares",,,Bookbuilding IPO,100,77.97,,,,,,,,59,,,,,169.54,63.59,,,19.72,,.,,,,
Harsha Engineers,10,314 to ₹330,45,Fresh Capital-cum-Offer for Sale,"2,28,86,595 shares","1,37,95,695 shares","Total Issue Size	2,28,86,595 shares",Bookbuilding IPO,99.7,74.6,,,,,,,,330,,,,,178.26,71.32,,,17.63,12.07,,,,,
Tamilnad Mercantile Bank,10,500 to ₹525,28,Fresh Capital,"1,58,40,000 shares",,,Bookbuilding IPO,,,,,,,,,,510,,,,,1.62,2.94,,,6.48,,,,,,
Syrma SGS Technology,10,209 to ₹220,68,Fresh Capital-cum-Offer for Sale,"3,81,87,541 shares","3,48,18,181 shares","Total Issue Size	3,81,87,541 shares",Bookbuilding IPO,,,,,,,,,,220,,,,,87.56,17.5,,,5.53,,,,,,
Dreamfolks,2,308 to ₹326,46,Offer For Sale,"1,72,42,368 shares",,"Total Issue Size	1,72,42,368 shares",Bookbuilding IPO,100,67,,,,,,,,326,,,,,70.53,37.66,,,43.66,,,,,,
Campus Activewear,5,278 to ₹292,51,Offer For Sale,"4,79,50,000 shares",,"Total Issue Size	4,79,50,000 shares",Bookbuilding IPO,78.21,74.1,,,,,,,,292,,,,,152.04,22.25,,,7.68,2.11,,,,,
Quality Power Electrical,10,401 to ₹425,26,Fresh Capital-cum-Offer for Sale,"2,02,04,600 shares","52,94,100 shares","Total Issue Size	2,02,04,600 shares",Bookbuilding IPO,100,73.91,29.15%,19.20%,0.2,29.15%,16.74%,,16.11,425,,,55.28,32.86,1.03,1.45,,,1.82,,,,,,
Aether Industries,10,610 to ₹642,23,Fresh Capital-cum-Offer for Sale,"1,25,86,355 shares","97,66,355 shares","Total Issue Size	1,25,86,355 shares",Bookbuilding IPO,96.96,87.09,,,,,,,,642,,,,,17.57,2.52,,,1.14,1.06,,,,,
Ethos,10,836 to ₹878,17,Fresh Capital-cum-Offer for Sale,"45,81,500 shares","42,71,070 shares","Total Issue Size	45,81,500 shares",Bookbuilding IPO,81.01,61.65,,,,,,,,878,,,,,1.06,1.48,,,0.84,,,,,,
eMudhra,5,243 to ₹256,58,Fresh Capital-cum-Offer for Sale,"1,61,24,456 shares","62,89,062 shares","Total Issue Size	1,61,24,456 shares",Bookbuilding IPO,79.19,61.03,,,,,,,,256,,,,,4.05,1.28,,,2.61,,,,,,
Paradeep Phosphates,10,39 to ₹42,350,Fresh Capital-cum-Offer for Sale,"35,75,55,112 shares","23,90,47,619 shares","Total Issue Size	35,75,55,112 shares",Bookbuilding IPO,100,,,,,,,,,42,,,,,3.01,0.82,,,1.37,,,,,,
Venus Pipes,10,310 to ₹326,46,Fresh Capital,"50,74,100 shares",,,Bookbuilding IPO,64.27,48.2,,,,,,,,326,,,,,12.02,15.66,,,19.04,,,,,,
Delhivery,1,462 to ₹487,30,Fresh Capital-cum-Offer for Sale,"10,74,97,225 shares","8,21,37,328 shares","Total Issue Size	10,74,97,225 shares",Bookbuilding IPO,,,,,,,,,,487,,,,,2.66,0.3,,,.,0.27,,,,,
Prudent Corporate Advisory,5,595 to ₹630,23,Offer For Sale,"68,08,820 shares",,"Total Issue Size	68,08,820 shares",Bookbuilding IPO,56.78,56.78,,,,,,,,630,,,,,1.26,0.99,,,1.29,1.23,,,,,
LIC,10,902 to ₹949,15,Offer For Sale,"22,13,74,920 shares",,"Total Issue Size	22,13,74,920 shares",Bookbuilding IPO,100,96.5,,,,,,,,949,,,,,2.83,2.91,,,1.99,4.4,6.12,,,,
s Medicare,10,516 to ₹542,27,Fresh Capital-cum-Offer for Sale,"2,91,68,579 shares","51,67,679 shares","Total Issue Size	2,91,68,579 shares",Bookbuilding IPO,62.19,49.83,,,,,,,,542,,,,,38.9,3.73,,,1.38,0.31,,,,,
Fone4 Communications,10,10,"10,000",Fresh Capital,"68,00,000 shares",,,Fixed Price IPO,95.12,57.18,,,,,,,,10,,,,,,,,,22.07,,.,,,,
Laxmi India Finance,5,150 to ₹158,94,Fresh Capital-cum-Offer for Sale,"1,60,92,195 shares","1,04,53,575 shares","Total Issue Size	1,60,92,195 shares",Bookbuilding IPO,89.05,60.45,,,4.42,13.95%,14.48%,,2.57,158,,,18.35,22.94,1.3,1.83,,,2.2,1.54,,,,,
Hexaware Technologies,1,674 to ₹708,21,Offer For Sale,"12,36,15,318 shares",,"Total Issue Size	12,36,15,318 shares",Bookbuilding IPO,95.03,74.7,,,,23.60%,9.60%,,10.15,708,,,,,9.55,0.21,,,0.11,0.33,,,,,
Hariom Pipe Industries,10,144 to ₹153,98,Fresh Capital,"85,00,000 shares",,,Bookbuilding IPO,99.1,66,,,,,,,,153,,,,,1.91,8.87,,,12.15,,,,,,
Uma Exports,10,65 to ₹68,220,Fresh Capital,"88,23,530 shares",,,Bookbuilding IPO,98.13,,,,,,,,,68,,,,,2.81,2.22,,,10.11,,,,,,
Veranda Learning Solutions,10,130 to ₹137,100,Fresh Capital,"1,45,98,540 shares",,,Bookbuilding IPO,89.22,65.87,,,,,,,,137,,,,,2.02,3.87,,,10.76,,,,,,
,2,615 to ₹650,21,Fresh Capital,"6,61,53,846 shares",,,Bookbuilding FPO,98.9,80.82,,,,,,,,650,,,,,2.2,11.75,,,0.9,7.76,,,,,
Ekennis Software,10,72,"1,600",Fresh Capital,"4,00,000 shares",,,Fixed Price IPO,100,71.42,,,,,,,,72,,,,,,,,,19,,,,,,
Vedant Fashions,1,824 to ₹866,17,Offer For Sale,"3,63,64,838 shares",,"Total Issue Size	3,63,64,838 shares",Bookbuilding IPO,92.4,84.9,,,,,,,,866,,,,,7.49,1.07,,,0.39,,,,,,
Adani Wilmar,1,218 to ₹230,65,Fresh Capital,"15,67,29,745 shares",,,Bookbuilding IPO,100,87.92,,,,,,,,230,,,,,5.73,56.3,,,3.92,0.51,33.33,,,,
AGS Transact Technologies,10,166 to ₹175,85,Offer For Sale,"3,88,57,141 shares",,"Total Issue Size	3,88,57,141 shares",Bookbuilding IPO,98.23,66.07,,,,,,,,175,,,,,2.68,25.61,,,3.08,,,,,,
Safa Systems,10,10,"10,000",Fresh Capital,"40,00,000 shares",,,Fixed Price IPO,100,73.47,,,,,,,,10,,,,,,,,,40.81,,,,,,
AB Cotspin,10,33 to ₹35,"4,000",Fresh Capital,"28,84,000 shares",,,Bookbuilding IPO,48.5,34.91,,,,,,,,35,,,,,,,,,17.47,,,,,,
Ajax Engineering,1,599 to ₹629,23,Offer For Sale,"2,01,80,446 shares",,"Total Issue Size	2,01,80,446 shares",Bookbuilding IPO,93.5,80,24.53%,32.82%,0.01,19.39%,12.65%,,7.84,629,,,31.96,35.62,13.04,6.46,,,1.94,2.62,,,,,
Timescan Logistics,10,51,"2,000",Fresh Capital,"9,44,000 shares",,,Fixed Price IPO,99.88,72.89,,,,,,,,51,,,,,,,,,90.34,,,,,,
CMS Info Systems,10,205 to ₹216,69,Offer For Sale,"5,09,25,925 shares",,"Total Issue Size	5,09,25,925 shares",Bookbuilding IPO,100,65.59,,,,,,,,216,,,,,1.98,1.45,,,2.15,,,,,,
Supriya Lifescience,2,265 to ₹274,54,Fresh Capital-cum-Offer for Sale,"2,55,47,445 shares","72,99,270 shares","Total Issue Size	2,55,47,445 shares",Bookbuilding IPO,99.98,68.24,,,,,,,,274,,,,,31.83,161.22,,,56.01,,,,,,
Medplus Health,2,780 to ₹796,18,Fresh Capital-cum-Offer for Sale,"1,75,73,342 shares","75,44,511 shares","Total Issue Size	1,75,73,342 shares",Bookbuilding IPO,43.16,40.43,,,,,,,,796,,,,,111.9,85.33,,,5.24,3.05,,,,,
HP Adhesives,10,262 to ₹274,50,Fresh Capital-cum-Offer for Sale,"45,97,200 shares","41,40,000 shares","Total Issue Size	45,97,200 shares",Bookbuilding IPO,95,71,,,,,,,,274,,,,,1.82,19.04,,,81.24,,,,,,
Data Patterns,2,555 to ₹585,25,Fresh Capital-cum-Offer for Sale,"1,00,55,114 shares","41,02,564 shares","Total Issue Size	1,00,55,114 shares",Bookbuilding IPO,58.63,45.62,,,,,,,,585,,,,,190.86,254.22,,,23.14,,,,,,
Vivo Collaboration Solutions,10,82,"1,600",Fresh Capital,"5,36,000 shares",,,Fixed Price IPO,100,73.4,,,,,,,,82,,,,,,,,,273.08,,,,,,
Metro Brands,5,485 to ₹500,30,Fresh Capital-cum-Offer for Sale,"2,73,50,100 shares","59,00,000 shares","Total Issue Size	2,73,50,100 shares",Bookbuilding IPO,84.02,74.27,,,,,,,,500,,,,,8.49,3.02,,,1.13,,,,,,
Nupur Recyclers,10,60,"2,000",Fresh Capital,"57,00,000 shares",,,Fixed Price IPO,99.9,72.52,,,,,,,,60,,,,,,,,,34.23,,,,,,
Info systems,2,1000 to ₹1033,14,Offer For Sale,"1,00,63,945 shares",,"Total Issue Size	1,00,63,945 shares",Bookbuilding IPO,61.71,53.73,,,,,,,,1033,,,,,196.36,424.69,,,15.2,,,,,,
s Health Care,1,382 to ₹402,35,Fresh Capital-cum-Offer for Sale,"7,53,04,970 shares","74,62,686 shares","Total Issue Size	7,53,04,970 shares",Bookbuilding IPO,37.72,32.5,9.33%,14.61%,,6.21,6.90%,,7.96,402,,,130.44,160.48,4.41,0.39,,,0.42,0.26,0.51,,,,
Shriram Properties,10,113 to ₹118,125,Fresh Capital-cum-Offer for Sale,"5,08,73,592 shares","2,12,12,576 shares","Total Issue Size	5,08,73,592 shares",Bookbuilding IPO,32,28,,,,,,,,118,,,,,1.85,4.82,,,12.72,1.25,,,,,
Rategain Travel Technologies,1,405 to ₹425,35,Fresh Capital-cum-Offer for Sale,"3,14,41,282 shares","88,35,752 shares","Total Issue Size	3,14,41,282 shares",Bookbuilding IPO,67.29,56.72,,,,,,,,425,,,,,8.42,42.04,,,8.08,1.37,,,,,
Anand Rathi Wealth,5,530 to ₹550,27,Offer For Sale,"1,20,00,000 shares",,"Total Issue Size	1,20,00,000 shares",Bookbuilding IPO,74.73,48.82,,,,,,,,550,,,,,2.5,25.42,,,7.76,1.32,,,,,
Tega Industries,10,443 to ₹453,33,Offer For Sale,"1,36,69,478 shares",,"Total Issue Size	1,36,69,478 shares",Bookbuilding IPO,85.17,79.17,,,,,,,,453,,,,,215.45,666.19,,,29.44,,,,,,
Star Health,10,870 to ₹900,16,Fresh Capital-cum-Offer for Sale,"6,68,82,461 shares","2,22,32,230 shares","Total Issue Size	6,68,82,461 shares",Bookbuilding IPO,66.22,58.42,,,,,,,,900,,,,,1.03,0.19,,,1.1,0.1,,,,,
Go Fashion,10,655 to ₹690,21,Fresh Capital-cum-Offer for Sale,"1,46,89,983 shares","18,11,594 shares","Total Issue Size	1,46,89,983 shares",Bookbuilding IPO,57.47,52.78,,,,,,,,690,,,,,100.73,262.08,,,49.7,,.,,,,
Tarsons Products,2,635 to ₹662,22,Fresh Capital-cum-Offer for Sale,"1,54,65,861 shares","22,65,862 shares","Total Issue Size	1,54,65,861 shares",Bookbuilding IPO,50.75,,,,,,,,,662,,,,,115.77,184.58,,,10.56,1.83,.,,,,
Latent View Analytics,1,190 to ₹197,76,Fresh Capital-cum-Offer for Sale,"3,04,89,362 shares","2,40,93,423 shares","Total Issue Size	3,04,89,362 shares",Bookbuilding IPO,79.3,,,,,,,,,197,,,,,145.48,850.66,,,119.44,3.87,,,,,
Sapphire Foods,10,1120 to ₹1180,12,Offer For Sale,"1,75,69,941 shares",,"Total Issue Size	1,75,69,941 shares",Bookbuilding IPO,60.08,49.97,,,,,,,,1180,,,,,7.5,3.46,,,8.7,,,,,,
Paytm,1,2080 to ₹2150,6,Fresh Capital-cum-Offer for Sale,"8,51,16,278 shares","3,86,04,651 shares","Total Issue Size	8,51,16,278 shares",Bookbuilding IPO,,,,,,,,,,2150,,,,,2.79,0.24,,,1.66,,,,,,
Denta Water,10,279 to ₹294,50,Fresh Capital,"75,00,000 shares",,,Bookbuilding IPO,100,71.91,36.36%,76.99%,0.01,36.36%,25.03%,,5.01,294,,,9.45,16.22,236.94,507.07,,,90.38,,,,,,
PB Fintech,2,940 to ₹980,15,Fresh Capital-cum-Offer for Sale,"5,82,62,397 shares","3,82,65,306 shares","Total Issue Size	5,82,62,397 shares",Bookbuilding IPO,,,,,,,,,,980,,,,,24.89,7.82,,,3.31,,,,,,
Fino Payments Bank,10,560 to ₹577,25,Fresh Capital-cum-Offer for Sale,"2,08,02,305 shares","51,99,306 shares","Total Issue Size	2,08,02,305 shares",Bookbuilding IPO,100,75,,,,,,,,577,,,,,1.65,0.21,,,5.92,0.93,,,,,
Commerce Ventures,1,1085 to ₹1125,12,Fresh Capital-cum-Offer for Sale,"4,75,75,326 shares","56,02,666 shares","Total Issue Size	4,75,75,326 shares",Bookbuilding IPO,54.22,52.56,,,,,,,,1125,,,,,91.18,112.02,,,156,1.88,,,,,
Sigachi Industries,10,161 to ₹163,90,Fresh Capital,"76,95,000 shares",,,Bookbuilding IPO,65,48,,,,,,,,163,,,,,86.51,172.43,,,80.49,,,,,,
Enterprises,10,531 to ₹542,27,Offer For Sale,"1,47,60,146 shares",,"Total Issue Size	1,47,60,146 shares",Bookbuilding IPO,98.86,50.37,,,,,,,,542,,,,,1.42,2.32,,,1.38,,,,,,
Sansera Engineering,2,734 to ₹744,20,Offer For Sale,"1,72,44,328 shares",,"Total Issue Size	1,72,44,328 shares",Bookbuilding IPO,43.91,36.56,,,,,,,,744,,,,,26.47,11.37,,,3.15,1.37,,,,,
Aditya Birla Sun Life AMC,5,695 to ₹712,20,Offer For Sale,"3,88,80,000 shares",,"Total Issue Size	3,88,80,000 shares",Bookbuilding IPO,100,86.5,,,,,,,,712,,,,,10.36,4.39,,,3.24,,1.68,,,,
Paras Defence,10,165 to ₹175,85,Fresh Capital-cum-Offer for Sale,"97,58,776 shares","80,34,286 shares","Total Issue Size	97,58,776 shares",Bookbuilding IPO,79.4,59.71,,,,,,,,175,,,,,169.65,927.7,,,112.81,,,,,,
Quadpro ITeS,2,20,"6,000",Fresh Capital-cum-Offer for Sale,"70,50,000 shares","(Ex Market Maker)	59,46,000 shares","Total Issue Size	70,50,000 shares",Fixed Price IPO,100,72.11,,,,,,,,20,,,,,,,,,23.53,,,,,,
Vijaya Diagnostic Centre,1,522 to ₹531,28,Offer For Sale,"3,56,88,064 shares",,"Total Issue Size	3,56,88,064 shares",Bookbuilding IPO,59.78,54.78,,,,,,,,531,,,,,13.07,1.32,,,1.09,0.98,,,,,
Stallion India Fluorochemicals,10,85 to ₹90,165,Fresh Capital-cum-Offer for Sale,"2,21,61,396 shares","1,78,58,740 shares","Total Issue Size	2,21,61,396 shares",Bookbuilding IPO,94.63,67.9,12.54%,13.96%,0.55,12.54%,6.26%,,4.69,90,,,37.41,21.55,172.93,422.35,,,96.81,,,,,,
Ami Organics,10,603 to ₹610,24,Fresh Capital-cum-Offer for Sale,"93,38,288 shares","32,78,688 shares","Total Issue Size	93,38,288 shares",Bookbuilding IPO,47.23,41.05,,,,,,,,610,,,,,86.64,154.81,,,13.36,,,,,,
Aptus Value Housing Finance,2,346 to ₹353,42,Fresh Capital-cum-Offer for Sale,"7,87,55,000 shares","1,41,64,305 shares","Total Issue Size	7,87,55,000 shares",Bookbuilding IPO,74.87,72.23,,,,,,,,353,,,,,32.41,33.91,,,1.35,,,,,,
Nuvoco Vistas,10,560 to ₹570,26,Fresh Capital-cum-Offer for Sale,"8,77,19,297 shares","2,63,15,789 shares","Total Issue Size	8,77,19,297 shares",Bookbuilding IPO,95.24,71.03,,,,,,,,570,,,,,4.23,0.66,,,0.73,,,,,,
Chemplast Sanmar,5,530 to ₹541,27,Fresh Capital-cum-Offer for Sale,"7,11,64,509 shares","2,40,29,574 shares","Total Issue Size	7,11,64,509 shares",Bookbuilding IPO,100,54.99,,,,,,,,541,,,,,2.7,1.03,,,2.29,,,,,,
CarTrade Tech,10,1585 to ₹1618,9,Offer For Sale,"1,85,32,216 shares",,"Total Issue Size	1,85,32,216 shares",Bookbuilding IPO,,,,,,,,,,1618,,,,,35.45,41,,,2.75,,,,,,
Krsnaa Diagnostics,5,933 to ₹954,15,Fresh Capital-cum-Offer for Sale,"1,27,31,605 shares","42,06,085 shares","Total Issue Size	1,27,31,605 shares",Bookbuilding IPO,31.62,27.38,,,,,,,,954,,,,,49.83,116.3,,,41.95,0.98,,,,,
Exxaro Tiles,10,118 to ₹120,125,Fresh Capital-cum-Offer for Sale,"1,34,24,000 shares","1,11,86,000 shares","Total Issue Size	1,34,24,000 shares",Bookbuilding IPO,56.09,42.5,,,,,,,,120,,,,,17.67,5.36,,,40.05,2.53,.,,,,
Windlas Biotech,5,448 to ₹460,30,Fresh Capital-cum-Offer for Sale,"87,29,023 shares","35,86,956 shares","Total Issue Size	87,29,023 shares",Bookbuilding IPO,78,65.16,,,,,,,,460,,,,,24.4,15.73,,,24.22,,,,,,
Devyani International,1,86 to ₹90,165,Fresh Capital-cum-Offer for Sale,"20,42,22,218 shares","4,88,88,888 shares","Total Issue Size	20,42,22,218 shares",Bookbuilding IPO,75.79,67.99,,,,,,,,90,,,,,95.27,213.06,,,39.48,4.7,,,,,
Rolex Rings,10,880 to ₹900,16,Fresh Capital-cum-Offer for Sale,"81,22,222 shares","6,22,222 shares","Total Issue Size	81,22,222 shares",Bookbuilding IPO,58.99,57.64,,,,,,,,900,,,,,143.58,360.11,,,24.49,,.,,,,
Laxmi Dental,2,407 to ₹428,33,Fresh Capital-cum-Offer for Sale,"1,63,09,766 shares","32,24,299 shares","Total Issue Size	1,63,09,766 shares",Bookbuilding IPO,46.56,41.7,78.78%,19.97%,0.94,78.78%,13.03%,,49.59,428,,,87.77,51.73,110.38,147.69,,,75.1,,,,,,
Glenmark Life Sciences,2,695 to ₹720,20,Fresh Capital-cum-Offer for Sale,"2,10,22,222 shares","1,47,22,222 shares","Total Issue Size	2,10,22,222 shares",Bookbuilding IPO,100,82.84,,,,,,,,720,,,,,36.97,122.54,,,14.63,,,,,,
Tatva Chintan Pharma Chem,10,1073 to ₹1083,13,Fresh Capital-cum-Offer for Sale,"46,16,804 shares","20,77,562 shares","Total Issue Size	46,16,804 shares",Bookbuilding IPO,100,79.17,,,,,,,,1083,,,,,185.23,512.22,,,35.35,,.,,,,
Zomato,1,72 to ₹76,195,Fresh Capital-cum-Offer for Sale,"1,23,35,52,631 shares","1,18,42,10,526 shares","Total Issue Size	1,23,35,52,631 shares",Bookbuilding IPO,,,,,,,,,,76,,,,,51.79,32.96,,,7.45,0.62,,,,,
G R Infraprojects,5,828 to ₹837,17,Offer For Sale,"1,15,08,704 shares",,"Total Issue Size	1,15,08,704 shares",Bookbuilding IPO,88.04,86.54,,,,,,,,837,,,,,168.58,238.04,,,12.57,1.37,,,,,
Clean Science,1,880 to ₹900,16,Offer For Sale,"1,71,84,682 shares",,"Total Issue Size	1,71,84,682 shares",Bookbuilding IPO,94.66,78.51,,,,,,,,900,,,,,156.37,206.43,,,9,,,,,,
India Pesticides,1,290 to ₹296,50,Fresh Capital-cum-Offer for Sale,"2,70,27,026 shares","33,78,378 shares","Total Issue Size	2,70,27,026 shares",Bookbuilding IPO,82.68,72,,,,,,,,296,,,,,42.95,51.88,,,11.3,,,,,,
KIMS,10,815 to ₹825,18,Fresh Capital-cum-Offer for Sale,"2,59,95,042 shares","24,36,399 shares","Total Issue Size	2,59,95,042 shares",Bookbuilding IPO,46.81,38.84,,,,,,,,825,,,,,5.26,1.89,,,2.9,1.06,,,,,
Dodla Dairy,10,421 to ₹428,35,Fresh Capital-cum-Offer for Sale,"1,21,53,668 shares","11,68,224 shares","Total Issue Size	1,21,53,668 shares",Bookbuilding IPO,68.52,64.17,,,,,,,,428,,,,,84.88,73.26,,,11.34,,,,,,
Sona BLW Precision Forgings,10,285 to ₹291,51,Fresh Capital-cum-Offer for Sale,"19,07,21,649 shares","1,03,09,278 shares","Total Issue Size	19,07,21,649 shares",Bookbuilding IPO,100,67.3,,,,,,,,291,,,,,3.46,0.39,,,1.58,,,,,,
Shyam Metalics,10,303 to ₹306,45,Fresh Capital-cum-Offer for Sale,"2,97,05,880 shares","2,14,70,588 shares","Total Issue Size	2,97,05,880 shares",Bookbuilding IPO,100,88.35,,,,,,,,306,,,,,155.71,339.98,,,11.64,1.55,,,,,
Standard Glass Lining,10,133 to ₹140,107,Fresh Capital-cum-Offer for Sale,"2,92,89,367 shares","1,50,00,000 shares","Total Issue Size	2,92,89,367 shares",Bookbuilding IPO,72.49,67.04,20.74%,25.49%,0.32,20.74%,10.92%,,5.7,140,,,43.04,38.5,327.76,275.21,,,65.71,,,,,,
Times Green Energy,10,61,"2,000",Fresh Capital,"6,64,000 shares",,,Fixed Price IPO,79.2,47.6,,,,,,,,61,,,,,,,,,5.05,,,,,,
Macrotech Developers,10,483 to ₹486,30,Fresh Capital,"5,14,40,328 shares",,,Bookbuilding IPO,100,,,,,,,,,486,,,,,3.05,1.44,,,0.4,0.17,,,,,
Macrotech Developers,10,483 to ₹486,30,Fresh Capital,"5,14,40,328 shares",,,Bookbuilding IPO,100,,,,,,,,,486,,,,,3.05,1.44,,,0.4,0.17,,,,,
Marc India,10,37 to ₹39,"3,000",Fresh Capital,"60,00,000 shares",,,Bookbuilding IPO,94.97,,,,,,,,,39,,,,,,,,,1.8,,,,,,
Jetmall Spices,10,20,"6,000",Fresh Capital,"24,90,000 shares",,,Fixed Price IPO,100,58.44,,,,,,,,20,,,,,,,,,0.82,,,,,,
Kuberan Global Edu,10,20,"6,000",Fresh Capital,"5,58,000 shares",,,Fixed Price IPO,93.36,68.63,,,,,,,,20,,,,,,,,,5.18,,,,,,
Nation Hospitality,5,498 to ₹500,30,Fresh Capital-cum-Offer for Sale,"90,57,470 shares","36,00,000 shares","Total Issue Size	90,57,470 shares",Bookbuilding IPO,47.8,37.79,,,,,,,,500,,,,,5.11,3.1,,,13.13,1.02,,,,,
EKI Energy,10,100 to ₹102,"1,200",Fresh Capital,"18,24,000 shares",,,Bookbuilding IPO,100,,,,,,,,,102,,,,,1,,,,3.13,,.,,,,
Nazara Technologies,4,1100 to ₹1101,13,Offer For Sale,"52,94,392 shares",,"Total Issue Size	52,94,392 shares",Bookbuilding IPO,24.16,20.7,,,,,,,,1101,,,,,103.77,389.89,,,75.29,7.55,,,,,
Siddhika Coatings,10,57,"2,000",Fresh Capital,"8,24,000 shares",,,Fixed Price IPO,83.64,,,,,,,,,57,,,,,,,,,2.87,,,,,,
Quadrant Future Tek,10,275 to ₹290,50,Fresh Capital,"1,00,00,000 shares",,,Bookbuilding IPO,93.33,70,33.41%,26.12%,1.86,33.41%,9.68%,,19.73,290,,,,,139.77,268.03,,,256.46,,,,,,
Laxmi Organic Industries,2,129 to ₹130,115,Fresh Capital-cum-Offer for Sale,"4,61,53,846 shares","2,30,76,923 shares","Total Issue Size	4,61,53,846 shares",Bookbuilding IPO,89.51,72.92,,,,,,,,130,,,,,175.43,217.62,,,20.1,,,,,,
Suryoday Small Finance Bank,10,303 to ₹305,49,Fresh Capital-cum-Offer for Sale,"1,90,93,070 shares","81,50,000 shares","Total Issue Size	1,90,93,070 shares",Bookbuilding IPO,30.35,28.02,,,,,,,,305,,,,,2.18,1.31,,,3.09,0.34,,,,,
Kalyan Jewellers,10,86 to ₹87,172,Fresh Capital-cum-Offer for Sale,"13,50,57,470 shares","9,19,54,022 shares","Total Issue Size	13,50,57,470 shares",Bookbuilding IPO,67.99,60.53,,,,,,,,87,,,,,2.76,1.91,,,2.82,3.74,,,,,
Anupam Rasayan,10,553 to ₹555,27,Fresh Capital,"1,37,15,495 shares",,,Bookbuilding IPO,75.8,65.4,,,,,,,,555,,,,,65.74,97.42,,,10.77,1.71,,,,,
Craftsman Automation,5,1488 to ₹1490,10,Fresh Capital-cum-Offer for Sale,"55,28,161 shares","10,06,711 shares","Total Issue Size	55,28,161 shares",Bookbuilding IPO,63.4,59.76,,,,,,,,1490,,,,,5.21,2.84,,,3.44,,,,,,
Easy Trip Planners,2,186 to ₹187,80,Offer For Sale,"2,72,72,727 shares",,"Total Issue Size	2,72,72,727 shares",Bookbuilding IPO,100,75,,,,,,,,187,,,,,77.53,382.21,,,70.4,,,,,,
RailTel,10,93 to ₹94,155,Offer For Sale,"8,71,53,369 shares",,"Total Issue Size	8,71,53,369 shares",Bookbuilding IPO,100,72.84,,.,,,,,,94,,,,,65.14,73.25,,,16.78,3.35,,,,,
MTAR Technologies,10,574 to ₹575,26,Fresh Capital-cum-Offer for Sale,"1,03,72,419 shares","21,48,149 shares","Total Issue Size	1,03,72,419 shares",Bookbuilding IPO,62.24,50.25,,,,,,,,575,,,,,164.99,650.79,,,28.4,,,,,,
Nureca,10,396 to ₹400,35,Fresh Capital,"25,00,175 shares",,,Bookbuilding IPO,93.33,70,,,,,,,,400,,,,,3.1,31.59,,,166.65,4.82,,,,,
Party Cruisers,10,51,"2,000",Fresh Capital,"15,20,000 shares",,,Fixed Price IPO,94.3,68.71,,,,,,,,51,,,,,,,,,,,,,,,
Indo Farm Equipment,10,204 to ₹215,69,Fresh Capital-cum-Offer for Sale,"1,21,00,000 shares","86,00,000 shares","Total Issue Size	1,21,00,000 shares",Bookbuilding IPO,93.45,69.44,5.13%,8.96%,0.85,4.92%,4.16%,,2.55,215,,,54.39,105.25,242.4,501.75,,,101.79,,,,,,
Stove Kraft,10,384 to ₹385,38,Fresh Capital-cum-Offer for Sale,"1,07,17,532 shares","24,67,532 shares","Total Issue Size	1,07,17,532 shares",Bookbuilding IPO,61.31,54.36,,,,,,,,385,,,,,8.02,32.72,,,26.04,,.,,,,
Home First Finance,2,517 to ₹518,28,Fresh Capital-cum-Offer for Sale,"2,22,72,556 shares","51,15,830 shares","Total Issue Size	2,22,72,556 shares",Bookbuilding IPO,52.85,33.7,,,,,,,,518,,,,,52.53,39,,,6.59,,.,,,,
Indigo Paints,10,1488 to ₹1490,10,Fresh Capital-cum-Offer for Sale,"78,53,422 shares","20,13,422 shares","Total Issue Size	78,53,422 shares",Bookbuilding IPO,60.05,54,,,,,,,,1490,,,,,189.57,263.05,,,15.93,2.5,,,,,
IRFC,10,25 to ₹26,575,Fresh Capital-cum-Offer for Sale,"1,78,20,69,000 shares","1,18,80,46,000 shares","Total Issue Size	1,78,20,69,000 shares",Bookbuilding IPO,100,86,,,,,,,,26,,,,,3.78,2.67,,,3.66,43.76,,,,,
Antony Waste Handling Cell,5,313 to ₹315,47,Fresh Capital-cum-Offer for Sale,"95,23,345 shares","26,98,412 shares","Total Issue Size	95,23,345 shares",Bookbuilding IPO,51.1,46.2,,,,,,,,315,,,,,9.67,18.69,,,16.55,,,,,,
Bectors Food Specialities,10,286 to ₹288,50,Fresh Capital-cum-Offer for Sale,"1,87,69,701 shares","14,08,592 shares","Total Issue Size	1,87,69,701 shares",Bookbuilding IPO,52.45,51,,,,,,,,288,,,,,176.85,620.86,,,29.33,45.46,,,,,
Burger King,10,59 to ₹60,250,Fresh Capital-cum-Offer for Sale,"13,50,00,000 shares","7,50,00,000 shares","Total Issue Size	13,50,00,000 shares",Bookbuilding IPO,99.39,60.08,,,,,,,,60,,,,,86.64,354.11,,,68.15,,,,,,
Net Pix Shorts Digital Media,10,30,"4,000",Fresh Capital,"9,00,000 shares",,,Fixed Price IPO,100,71.87,,,,,,,,30,,,,,,,,,1.87,,,,,,
,,,,,,,,,,,,,,,,,,,,,,,,,,,,,,,,,
Gland Pharma,1,1490 to ₹1500,10,Fresh Capital-cum-Offer for Sale,"4,31,96,968 shares","83,33,333 shares","Total Issue Size	4,31,96,968 shares",Bookbuilding IPO,74,58,,,,,,,,1500,,,,,6.4,0.51,,,0.24,,,,,,
Unimech Aerospace,5,745 to ₹785,19,Fresh Capital-cum-Offer for Sale,"63,69,426 shares","31,84,713 shares","Total Issue Size	63,69,426 shares",Bookbuilding IPO,91.83,79.82,53.53%,54.36%,0.32,53.53%,27.85%,,31.77,785,,,64.37,51.61,334.68,277.55,,,59.19,100.95,,,,,
Shine Fashions,10,40,"3,000",Fresh Capital,"3,99,000 shares",,,Fixed Price IPO,99.98,,,,,,,,,40,,,,,,,,,1.63,,.,,,,
Equitas Small Finance Bank,10,32 to ₹33,450,Fresh Capital-cum-Offer for Sale,"15,68,48,484 shares","8,48,48,484 shares","Total Issue Size	15,68,48,484 shares",Bookbuilding IPO,,,,,,,,,,33,,,,,3.91,0.22,,,2.08,1.84,0.42,,,,
UTI AMC,10,552 to ₹554,27,Offer For Sale,"3,89,87,081 shares",,"Total Issue Size	3,89,87,081 shares",Bookbuilding IPO,98.96,,,,,,,,,554,,,,,3.34,0.93,,,2.32,1.34,,,,,
Likhitha Infrastructure,10,116 to ₹120,125,Fresh Capital,"51,00,000 shares",,,Bookbuilding IPO,99.96,74.11,,,,,,,,120,,,,,21.99,1.54,,,23.71,,,,,,
Mazagon Dock Shipbuilders,10,135 to ₹145,103,Offer For Sale,"3,05,99,017 shares",,"Total Issue Size	3,05,99,017 shares",Bookbuilding IPO,100,85,,,,,,,,145,,,,,89.71,678.88,,,35.63,3.88,,,,,
AAA Technologies,10,42,"3,000",Fresh Capital,"24,36,000 shares",,,Fixed Price IPO,100,71.51,,,,,,,,42,,,,,,,,,2.31,,,,,,
Angel Broking,10,305 to ₹306,49,Fresh Capital-cum-Offer for Sale,"1,96,07,835 shares","98,03,921 shares","Total Issue Size	1,96,07,835 shares",Bookbuilding IPO,65.42,,,,,,,,,306,,,,,5.74,0.69,,,4.31,,,,,,
CAMS,10,1229 to ₹1230,12,Offer For Sale,"1,82,46,600 shares",,"Total Issue Size	1,82,46,600 shares",Bookbuilding IPO,43.53,,,,,,,,,1230,,,,,73.18,111.85,,,5.54,1.16,,,,,
Chemcon Speciality Chemicals,10,338 to ₹340,44,Fresh Capital-cum-Offer for Sale,"93,52,941 shares","48,52,941 shares","Total Issue Size	93,52,941 shares",Bookbuilding IPO,100,74.47,,,,,,,,340,,,,,113.54,449.14,,,41.15,,,,,,
Route Mobile,10,345 to ₹350,40,Fresh Capital-cum-Offer for Sale,"1,71,42,856 shares","68,57,142 shares","Total Issue Size	1,71,42,856 shares",Bookbuilding IPO,96,66.33,,,,,,,,350,,,,,89.76,192.81,,,12.67,,,,,,
Anthem Biosciences,2,540 to ₹570,26,Offer For Sale,"5,95,75,319 shares",,"Total Issue Size	5,95,75,319 shares",Bookbuilding IPO,76.87,74.68,20.82%,26.88%,0.05,20.82%,23.38%,,13.23,570,,,70.62,70.62,192.8,44.7,,,5.98,6.99,,,,,
Senores Pharmaceuticals,10,372 to ₹391,38,Fresh Capital-cum-Offer for Sale,"1,48,87,723 shares","1,27,87,723 shares","Total Issue Size	1,48,87,723 shares",Bookbuilding IPO,71.1,45.77,23.60%,11.73%,1.07,23.60%,15.25%,,5.84,391,,,39.77,28.21,97.84,100.35,,,93.16,,,,,,
Happiest Minds Technologies,2,165 to ₹166,90,Fresh Capital-cum-Offer for Sale,"4,22,90,091 shares","66,26,506 shares","Total Issue Size	4,22,90,091 shares",Bookbuilding IPO,61.77,53.25,,,,,,,,166,,,,,77.43,351.46,,,70.94,,,,,,
com,10,105,"1,200",Fresh Capital,"4,33,200 shares",,,Fixed Price IPO,87.4,63.77,,,,,,,,105,,,,,,,,,2.8,,,,,,
Rossari Biotech,2,423 to ₹425,35,Fresh Capital-cum-Offer for Sale,"1,16,76,470 shares","11,76,470 shares","Total Issue Size	1,16,76,470 shares",Bookbuilding IPO,95.06,73,,,,,,,,425,,,,,85.26,239.83,,,7.23,,,,,,
Ksolves India,10,100,"1,200",Fresh Capital,"4,02,000 shares",,,Fixed Price IPO,93.33,68.02,,,,,,,,100,,,,,,,,,0.62,,,,,,
SBI Cards,10,750 to ₹755,19,Fresh Capital-cum-Offer for Sale,"13,71,49,314 shares","66,22,516 shares","Total Issue Size	13,71,49,314 shares",Bookbuilding IPO,74,69.51,,,,,,,,755,,,,,57.18,45.23,,,2.5,4.74,.,,,,
RO Jewels,10,36,"3,000",Fresh Capital,"13,65,000 shares",,,Fixed Price IPO,87.38,45.26,,,,,,,,36,,,,,,,,,0.43,,,,,,
DAM Capital Advisors,2,269 to ₹283,53,Offer For Sale,"2,96,90,900 shares",,"Total Issue Size	2,96,90,900 shares",Bookbuilding IPO,45.88,41.5,54.72%,,,44.98%,38.75%,,12.76,283,,,28.37,28.37,166.33,98.47,,,26.8,40.09,,,,,
Carraro India,10,668 to ₹704,21,Offer For Sale,"1,77,55,681 shares",,"Total Issue Size	1,77,55,681 shares",Bookbuilding IPO,100,68.77,17.69%,19.35%,0.58,16.92%,3.50%,,,704,,,63.97,40.24,2.33,0.63,,,0.75,,,,,,
Concord Enviro Systems,5,665 to ₹701,21,Fresh Capital-cum-Offer for Sale,"71,37,321 shares","24,96,433 shares","Total Issue Size	71,37,321 shares",Bookbuilding IPO,60.93,51.4,13.73%,14.07%,0.47,12.92%,8.34%,,3.96,701,,,30.79,1171.52,17.32,14.2,,,5.56,,,,,,
Transrail Lighting,2,410 to ₹432,34,Fresh Capital-cum-Offer for Sale,"1,94,19,258 shares","92,59,258 shares","Total Issue Size	1,94,19,258 shares",Bookbuilding IPO,84.5,71.1,24.41%,24.33%,0.56,21.68%,5.65%,,4.7,432,,,23.15,28.02,197.41,78.31,,,22.62,4.39,,,,,
Ventive Hospitality,1,610 to ₹643,23,Fresh Capital,"2,48,83,778 shares","towards the funding of the following objects: Repayment/prepayment, in part or full, of certain of borrowings availed by the company:",,Bookbuilding IPO,99.59,88.98,,,,1.82%,,,3.66,643,,,,,9.58,14.6,,,6.19,10.03,,,,,
Sanathan Textiles,10,305 to ₹321,46,Fresh Capital-cum-Offer for Sale,"1,71,33,956 shares","1,24,61,059 shares","Total Issue Size	1,71,33,956 shares",Bookbuilding IPO,100,79.7,11.09%,11.80%,0.17,10.42%,,,1.81,321,,,17.25,13.53,79.59,44.39,,,9.31,,,,,,
Mamata Machinery,10,230 to ₹243,61,Offer For Sale,"73,82,340 shares",,"Total Issue Size	73,82,340 shares",Bookbuilding IPO,92.45,62.45,27.76%,31.29%,0.09,27.39%,15.27%,,4.5,243,,,15.3,633.97,235.88,274.38,,,138.08,153.27,,,,,
International Gemmological,2,397 to ₹417,35,Fresh Capital-cum-Offer for Sale,"10,13,23,893 shares","3,53,76,651 shares","Total Issue Size	10,13,23,893 shares",Bookbuilding IPO,100,76.55,76.58%,80.96%,,76.58%,,,,417,,,50.98,82.9,48.11,26.09,,,11.77,21.79,,,,,
Inventurus Knowledge,1,1265 to ₹1329,11,Offer For Sale,"1,87,95,510 shares",,"Total Issue Size	1,87,95,510 shares",Bookbuilding IPO,69.73,60.61,32%,31.56%,0.06,32%,20.38%,,19.07,1329,,,61.55,54.66,80.64,23.25,,,14.55,,,,,,
Smartworks Coworking Spaces,10,387 to ₹407,36,Fresh Capital-cum-Offer for Sale,"1,43,21,474 shares","1,09,41,734 shares","Total Issue Size	1,43,21,474 shares",Bookbuilding IPO,65.19,58.25,,42.30%,2.9,58.76%,,,38.58,407,,,,,24.92,23.68,,,3.69,2.51,,,,,
One Mobikwik Systems,2,265 to ₹279,53,Fresh Capital,"2,05,01,792 shares",,,Bookbuilding IPO,32.96,25.18,,,0.73,8.66%,,,9.81,279,,,,,125.82,114.7,,,141.78,,,,,,
Sai Life Sciences,1,522 to ₹549,27,Fresh Capital-cum-Offer for Sale,"5,54,21,123 shares","1,73,04,189 shares","Total Issue Size	5,54,21,123 shares",Bookbuilding IPO,40.48,35.1,11.79%,15.96%,,8.13%,5.65%,,10.18,549,,,126.42,203.82,29.78,4.99,,,1.39,,,,,,
Vishal Mega Mart,10,74 to ₹78,190,Offer For Sale,"1,02,56,41,025 shares",,"Total Issue Size	1,02,56,41,025 shares",Bookbuilding IPO,96.46,76.02,,68.76%,,8.18%,5.18%,,6.23,78,,,76.13,69.19,85.11,15.01,,,2.43,,,,,,
Suraksha Diagnostic,2,420 to ₹441,34,Offer For Sale,"1,91,89,330 shares",,"Total Issue Size	1,91,89,330 shares",Bookbuilding IPO,61.07,48.78,14.09%,21.46%,0.2,14.09%,10.57%,,13.1,441,,,99.31,74.89,1.74,1.4,,,0.94,,,,,,
Enviro Infra Engineers,10,140 to ₹148,101,Fresh Capital-cum-Offer for Sale,"4,39,48,000 shares","3,86,80,000 shares","Total Issue Size	4,39,48,000 shares",Bookbuilding IPO,93.66,72.7,51.68%,32.34%,0.8,37.83%,15.17%,,6.89,148,,,18.32,21.1,157.05,153.8,,,24.48,37.77,,,,,
NTPC Green Energy,10,102 to ₹108,138,Fresh Capital,"92,63,29,669 shares",,,Bookbuilding IPO,100,89.01,7.39%,,1.91,2.14%,16.20%,,9.89,108,,,234.97,259.56,3.51,0.85,,,3.59,0.83,1.67,,,,
Zinka Logistics Solutions,1,259 to ₹273,54,Fresh Capital-cum-Offer for Sale,"4,08,34,377 shares","2,01,48,577 shares","Total Issue Size	4,08,34,377 shares",Bookbuilding IPO,32.91,27.84,9.39%,1.50%,0.47,9.39%,,,14.6,273,,,,,2.72,0.24,,,1.7,9.86,,,,,
Niva Bupa Health Insurance,10,70 to ₹74,200,Fresh Capital-cum-Offer for Sale,"29,72,97,296 shares","10,81,08,108 shares","Total Issue Size	29,72,97,296 shares",Bookbuilding IPO,88.98,73.37,,,0.12,0.92,,,6.14,74,,,,,2.17,0.71,,,2.88,,,,,,
ACME Solar Holdings,2,275 to ₹289,51,Fresh Capital-cum-Offer for Sale,"10,03,53,919 shares","8,28,79,871 shares","Total Issue Size	10,03,53,919 shares",Bookbuilding IPO,100,83.41,2.93,,3.89,0.07,0.41%,,7.77,289,,,21.63,3147.37,3.72,1.02,,,3.25,1.85,,,,,
Sagility India,10,28 to ₹30,500,Offer For Sale,"70,21,99,262 shares",,"Total Issue Size	70,21,99,262 shares",Bookbuilding IPO,97.39,82.39,,,0.15,0.29,11.83%,,2,30,,,61.52,61.52,3.52,1.93,,,4.16,3.75,,,,,
Travel Food Services,1,1045 to ₹1100,13,Offer For Sale,"1,81,82,802 shares",,"Total Issue Size	1,81,82,802 shares",Bookbuilding IPO,100,86.19,35.47%,51.40%,,34.64%,21.54%,,13.82,1100,,,38.15,38.15,8.1,1.67,,,0.73,1.81,,,,,
Swiggy,1,371 to ₹390,38,Fresh Capital-cum-Offer for Sale,"29,04,68,426 shares","11,53,80,563 shares","Total Issue Size	29,04,68,426 shares",Bookbuilding IPO,63.56,52.97,,,,8.21%,,,11.6,390,,,,,6.02,0.41,,,1.14,1.65,,,,,
Deepak Builders,10,192 to ₹203,73,Fresh Capital-cum-Offer for Sale,"1,28,10,000 shares","1,07,00,000 shares","Total Issue Size	1,28,10,000 shares",Bookbuilding IPO,100,72.5,8.48%,8.97%,0.91,9.57%,13.52%,,4.68,203,,,12.06,16.63,13.91,82.47,,,39.79,,,,,,
Afcons Infrastructure,10,440 to ₹463,32,Fresh Capital-cum-Offer for Sale,"11,73,27,139 shares","2,70,46,362 shares","Total Issue Size	11,73,27,139 shares",Bookbuilding IPO,99.48,67.16,10.55%,14.89%,0.91,2.50%,2.85%,,4.31,463,,,35.08,46.48,3.99,5.31,,,0.99,1.77,,,,,
Godavari Biorefineries,10,334 to ₹352,42,Fresh Capital-cum-Offer for Sale,"1,57,59,937 shares","92,32,954 shares","Total Issue Size	1,57,59,937 shares",Bookbuilding IPO,81.06,63.31,11.16%,2.35%,3.01,11.16%,4.97%,,6.31,352,,,,,2.76,0.93,,,1.76,,,,,,
Waaree Energies,10,1427 to ₹1503,9,Fresh Capital-cum-Offer for Sale,"2,87,52,095 shares","2,39,52,095 shares","Total Issue Size	2,87,52,095 shares",Bookbuilding IPO,71.8,64.3,8.79%,9.45%,0.06,8.81%,11.47%,,8.84,1503,,,30.87,26.76,215.03,65.25,,,11.27,5.45,,,,,
Hyundai Motor,10,1865 to ₹1960,7,Offer For Sale,"14,21,94,700 shares",,"Total Issue Size	14,21,94,700 shares",Bookbuilding IPO,100,82.5,,13.69%,,12.26%,,,14.93,1960,,,26.28,26.73,6.97,0.6,,,0.5,1.74,,,,,
Bajaj Housing Finance,10,66 to ₹70,214,Fresh Capital-cum-Offer for Sale,"93,71,42,856 shares","50,85,71,428 shares","Total Issue Size	93,71,42,856 shares",Bookbuilding IPO,100,87.8,,,5.7,3.60%,,,3.72,70,,,31.62,30.2,222.05,43.98,,,7.41,2.13,18.54,,,,
Manba Finance,10,114 to ₹120,125,Fresh Capital,"1,25,70,000 shares",,,Bookbuilding IPO,100,74.98,21.36%,19.39%,3.75,15.66%,,,2.25,120,,,14.39,19.19,148.55,511.62,,,143.95,,,,,,
Western Carriers,5,163 to ₹172,87,Fresh Capital-cum-Offer for Sale,"2,86,55,813 shares","2,32,55,813 shares","Total Issue Size	2,86,55,813 shares",Bookbuilding IPO,99.99,71.89,22.41%,29.23%,0.67,20.17%,,,3.4,172,,,16.85,21.83,28.81,46.68,,,.,,,,,,
Arkade Developers,10,121 to ₹128,110,Fresh Capital,"3,20,37,601 shares",,,Bookbuilding IPO,85.58,70.82,46.90%,47.34%,0.21,46.90%,19.35%,,6.02,128,,,16.01,19.35,172.6,172.22,,,53.78,,,,,,
Crizac,2,233 to ₹245,61,Offer For Sale,"3,51,02,040 shares",,"Total Issue Size	3,51,02,040 shares",Bookbuilding IPO,100,79.94,30.24%,40.03%,,30.24%,17.28%,,8.48,245,,,28.03,28.03,141.27,80.07,,,10.74,,,,,,
Kross,5,228 to ₹240,62,Fresh Capital-cum-Offer for Sale,"2,08,33,332 shares","1,04,16,666 shares","Total Issue Size	2,08,33,332 shares",Bookbuilding IPO,100,,30.57%,28.15%,0.8,30.57%,7.22%,,8.84,240,,,28.93,34.5,24.55,23.4,,,11.26,,,,,,
Gala Precision Engineering,10,503 to ₹529,28,Fresh Capital-cum-Offer for Sale,"31,74,416 shares","25,58,416 shares","Total Issue Size	31,74,416 shares",Bookbuilding IPO,74.56,55.4,23.59%,19.91%,0.53,21.38%,11.89%,,5.12,529,,,23.95,30.01,232.54,414.62,,,91.95,258.95,,,,,
Orient Technologies,10,195 to ₹206,72,Fresh Capital-cum-Offer for Sale,"1,04,25,242 shares","58,25,242 shares","Total Issue Size	1,04,25,242 shares",Bookbuilding IPO,97.96,73.21,27.26,28.42,,23.64,6.87%,,4.21,206,,,17.8,20.7,188.79,310.03,,,68.93,,,,,,
Shree Tirupati Balajee FIBC,10,36 to ₹40,"3,000",Fresh Capital,"27,00,000 shares",,,Bookbuilding IPO,,,,,,,,,,40,,,,,,,,,,,,,,,
ECOS Mobility,2,318 to ₹334,44,Offer For Sale,"1,80,00,000 shares",,"Total Issue Size	1,80,00,000 shares",Bookbuilding IPO,97.75,67.75,42.75%,42.88%,0.12,42.75%,11.00%,,11.3,334,,,32.05,32.05,136.85,71.17,,,19.66,,,,,,
Premier Energies,1,427 to ₹450,33,Fresh Capital-cum-Offer for Sale,"6,29,09,200 shares","2,87,09,200 shares","Total Issue Size	6,29,09,200 shares",Bookbuilding IPO,72.22,66.03,43.73%,25.65%,1.86,37.46%,7.30%,,30.76,450,,,82.09,25.59,212.42,50.98,,,7.44,11.32,,,,,
Brainbees Solutions,2,440 to ₹465,32,Fresh Capital-cum-Offer for Sale,"9,01,94,432 shares","3,58,34,699 shares","Total Issue Size	9,01,94,432 shares",Bookbuilding IPO,,,,,,8.65%,,,6.49,465,,,,,19.3,4.68,,,2.31,6.57,.,,,,
Pyramid Technoplast,10,151 to ₹166,90,Fresh Capital-cum-Offer for Sale,"92,20,000 shares","55,00,000 shares","Total Issue Size	92,20,000 shares",Bookbuilding IPO,100,74.94,29.61%,21.37%,,29.61%,,,,166,,,,,9.94,32.24,,,14.72,,,,,,
Unicommerce eSolutions,1,102 to ₹108,138,Offer For Sale,"2,56,08,512 shares",,"Total Issue Size	2,56,08,512 shares",Bookbuilding IPO,53.38,,17.36%,25.93%,,18.98%,,,15.81,108,,,84.59,84.59,138.75,252.46,,,130.99,,,,,,
Ceigall India,5,380 to ₹401,37,Fresh Capital-cum-Offer for Sale,"3,12,43,701 shares","1,70,68,861 shares","Total Issue Size	3,12,43,701 shares",Bookbuilding IPO,99.99,82.06,33.57%,31.98%,1.17,33.57%,10.05%,,6.95,401,,,20.67,22.91,31.26,14.83,,,3.82,11.84,,,,,
Sambhv Steel Tubes,10,77 to ₹82,182,Fresh Capital-cum-Offer for Sale,"6,58,64,549 shares","5,36,69,429 shares","Total Issue Size	6,58,64,549 shares",Bookbuilding IPO,71.9,57.4,25.42%,17.66%,0.8,25.42%,6.41%,,4.51,82,,,23.97,44.54,66.36,33.88,,,8.56,5.71,,,,,
Ola Electric Mobility,10,72 to ₹76,195,Fresh Capital-cum-Offer for Sale,"80,86,99,624 shares","72,37,57,627 shares","Total Issue Size	80,86,99,624 shares",Bookbuilding IPO,85.77,,,,,78.46%,,,13.72,76,,,,,5.53,2.51,,,4.05,12.38,,,,,
Akums Drugs,2,646 to ₹679,22,Fresh Capital-cum-Offer for Sale,"2,73,68,143 shares","1,00,37,708 shares","Total Issue Size	2,73,68,143 shares",Bookbuilding IPO,84.94,,0.11%,3.37%,0.69,0.57,0.02%,,13.69,679,,,,,90.09,42.1,,,20.8,4.14,,,,,
Sanstar,2,90 to ₹95,150,Fresh Capital-cum-Offer for Sale,"5,37,00,000 shares","4,18,00,000 shares","Total Issue Size	5,37,00,000 shares",Bookbuilding IPO,99.77,70.37,30.92%,24.43%,0.5,30.92%,6.17%,,6.18,95,,,19.98,25.93,145.68,136.49,,,24.23,,,,,,
Emcure Pharmaceuticals,10,960 to ₹1008,14,Fresh Capital-cum-Offer for Sale,"1,93,75,070 shares","79,46,231 shares","Total Issue Size	1,93,75,070 shares",Bookbuilding IPO,98.9,78.24,16.90%,19.37%,0.67,16.87%,,,6.18,1008,,,34.55,36.07,191.24,49.32,,,7.36,8.81,,,,,
Bansal Wire Industries,5,243 to ₹256,58,Fresh Capital,"2,91,01,562 shares",,,Bookbuilding IPO,73.6,59.92,21.19%,18.46%,1.48,18.27%,3.19%,,7.72,256,,,41.41,50.86,153.86,54.21,,,14.37,,,,,,
Akme Fintrade,10,114 to ₹120,125,Fresh Capital,"1,10,00,000 shares",,,Bookbuilding IPO,56.01,,5.64%,,2.49,5.81%,22.93%,,,120,,,,,28.12,129.98,,,44.58,5.42,,,,,
Vraj Iron,10,195 to ₹207,72,Fresh Capital,"82,60,869 shares",,,Bookbuilding IPO,99.99,,23.78%,25.34%,0.27,23.78%,3.61%,,2.73,207,,,9.48,11.49,173.99,221.66,,,58.31,,,,,,
Stanley Lifestyles,2,351 to ₹369,40,Fresh Capital-cum-Offer for Sale,"1,45,53,508 shares","54,20,054 shares","Total Issue Size	1,45,53,508 shares",Bookbuilding IPO,67.36,56.81,7.92%,8.63%,0.86,8.34%,5.97%,,8.03,369,,,54.43,84.4,215.62,121.42,,,19.08,,,,,,
DEE Development Engineers,10,193 to ₹203,73,Fresh Capital-cum-Offer for Sale,"2,05,96,938 shares","1,60,14,938 shares","Total Issue Size	2,05,96,938 shares",Bookbuilding IPO,100,,,3.91%,0.85,3.35%,2.63%,,2.46,203,,,83,73.33,206.54,149.38,,,23.66,,,,,,
Le Travenues Technology,1,88 to ₹93,161,Fresh Capital-cum-Offer for Sale,"7,95,80,899 shares","1,29,03,225 shares","Total Issue Size	7,95,80,899 shares",Bookbuilding IPO,,,,,,15.26%,,,8.14,93,,,148.87,41.12,106.73,110.25,,,53.95,,,,,,
Kalpataru,10,387 to ₹414,36,Fresh Capital,"3,84,24,456 shares",,,Bookbuilding IPO,100,81.3,,,,10.15,,,5.62,414,,,,,3.12,1.4,,,1.43,0.76,.,,,,
Kronox Lab Sciences,10,129 to ₹136,110,Offer For Sale,"95,70,000 shares",,"Total Issue Size	95,70,000 shares",Bookbuilding IPO,99.98,74.21,25.66%,33.15%,,25.66%,22.60%,,8.37,136,,,30.37,24.47,89.03,301.92,,,54.24,,.,,,,
Awfis Space Solutions,10,364 to ₹383,39,Fresh Capital-cum-Offer for Sale,"1,56,39,638 shares","33,43,939 shares","Total Issue Size	1,56,39,638 shares",Bookbuilding IPO,41.05,,,37.43%,0.1,7.66%,,,9.63,383,,,,,116.95,129.27,,,53.23,24.68,,,,,
Go Digit General Insurance,10,258 to ₹272,55,Fresh Capital-cum-Offer for Sale,"9,61,26,686 shares","4,13,60,294 shares","Total Issue Size	9,61,26,686 shares",Bookbuilding IPO,83.31,,,,,5.25%,,,9.67,272,,,670.31,145.03,12.56,7.24,,,4.27,,,,,,
TBO Tek,1,875 to ₹920,16,Fresh Capital-cum-Offer for Sale,"1,68,56,623 shares","43,47,826 shares","Total Issue Size	1,68,56,623 shares",Bookbuilding IPO,51.26,,,,,30.76,,,18.66,920,,,64.58,48.6,125.51,50.6,,,25.72,17.81,,,,,
Aadhar Housing Finance,10,300 to ₹315,47,Fresh Capital-cum-Offer for Sale,"9,52,55,598 shares","3,17,63,535 shares","Total Issue Size	9,52,55,598 shares",Bookbuilding IPO,98.72,76.48,18.40%,,3.1,12.90%,,,2.93,315,,,22.8,18.39,76.42,17.33,,,2.58,6.88,,,,,
Indegene,2,430 to ₹452,33,Fresh Capital-cum-Offer for Sale,"4,07,66,550 shares","1,68,33,818 shares","Total Issue Size	4,07,66,550 shares",Bookbuilding IPO,30.71,,,,0.3,18.23%,12.62%,,7.55,452,,,37.78,33.53,192.72,55.91,,,7.86,6.62,,,,,
JNK India,2,395 to ₹415,36,Fresh Capital-cum-Offer for Sale,"1,56,49,967 shares","72,28,915 shares","Total Issue Size	1,56,49,967 shares",Bookbuilding IPO,94.56,,31.79%,34.73%,0.34,31.79%,18.24%,,11.92,415,,,43.32,37.46,74.4,23.8,,,4.2,,,,,,
Bharti Hexacom,5,542 to ₹570,26,Offer For Sale,"7,50,00,000 shares",,"Total Issue Size	7,50,00,000 shares",Bookbuilding IPO,70,70,,,1.41,7.08%,,,6.45,570,,,51.89,75.85,48.57,10.52,,,2.83,,,,,,
Krystal Integrated,10,680 to ₹715,20,Fresh Capital-cum-Offer for Sale,"41,97,552 shares","24,47,552 shares","Total Issue Size	41,97,552 shares",Bookbuilding IPO,99.99,,11.71%,16.97%,0.58,11.21%,4.56%,,4.49,715,,,21.45,24.3,7.32,45.23,,,3.42,,,,,,
Popular Vehicles,2,280 to ₹295,50,Fresh Capital-cum-Offer for Sale,"2,03,93,828 shares","84,76,753 shares","Total Issue Size	2,03,93,828 shares",Bookbuilding IPO,69.45,61.17,10.42%,8.83%,1.99,10.42%,1.41%,,4.82,295,,,28.88,26.22,1.92,0.67,,,1.07,8.04,,,,,
HDB Financial,10,700 to ₹740,20,Fresh Capital-cum-Offer for Sale,"16,89,18,917 shares","3,37,83,782 shares","Total Issue Size	16,89,18,917 shares",Bookbuilding IPO,94.32,74.19,14.72%,,5.85,,,,3.72,740,,,27,28.15,58.64,10.55,,,1.51,6.03,4.5,,,,
Gopal Snacks,1,381 to ₹401,37,Offer For Sale,"1,62,16,886 shares",,"Total Issue Size	1,62,16,886 shares",Bookbuilding IPO,93.5,81.49,16.05%,20.83%,0.08,16.05%,8.22%,,14.43,401,,,44.47,44.96,18.42,10,,,4.22,7.27,,,,,
Chemicals,10,210 to ₹221,67,Fresh Capital-cum-Offer for Sale,"1,13,66,063 shares","74,66,063 shares","Total Issue Size	1,13,66,063 shares",Bookbuilding IPO,100,,8.20%,11.86,0.11,8.16%,7.24%,,3.51,221,,,16.25,20.08,32.33,47.92,,,18.03,,,,,,
R K SWAMY,5,270 to ₹288,50,Fresh Capital-cum-Offer for Sale,"1,47,20,101 shares","60,28,239 shares","Total Issue Size	1,47,20,101 shares",Bookbuilding IPO,83.03,,16.47%,6.29%,1.5,5.41%,5.56%,,8.73,288,,,40.96,91.63,20.58,34.24,,,33.31,2.46,,,,,
Mukka Proteins,1,26 to ₹28,535,Fresh Capital,"8,00,00,000 shares",,,Bookbuilding IPO,100,,36.71%,17.62%,1.64,34.19%,,,4.78,28,,,12.96,12.73,189.28,250.39,,,58.52,,,,,,
GPT Healthcare,10,177 to ₹186,80,Fresh Capital-cum-Offer for Sale,"2,82,33,323 shares","21,50,537 shares","Total Issue Size	2,82,33,323 shares",Bookbuilding IPO,67.34,,23.59%,26.09%,0.39,23.77%,,,9.06,186,,,38.1,32.49,17.3,11.02,,,2.44,,,,,,
Platinum Industries,10,162 to ₹171,87,Fresh Capital,"1,37,61,225 shares",,,Bookbuilding IPO,94.74,,90.02%,56.85%,0.28,61.26%,,,11.13,171,,,18.73,20.57,151,141.79,,,50.92,,,,,,
Systems,10,135 to ₹142,100,Fresh Capital-cum-Offer for Sale,"3,02,11,200 shares","2,31,69,000 shares","Total Issue Size	3,02,11,200 shares",Bookbuilding IPO,93.28,,13.38%,10.92%,,2.75%,,,5.63,142,,,217.63,31.24,124.82,159.29,,,124.27,,,,,,
Juniper Hotels,10,342 to ₹360,40,Fresh Capital,"5,00,00,000 shares",,,Bookbuilding IPO,100,77.53,,,,0.42%,,,,360,,,,,3.11,0.89,,,1.31,,,,,,
Vibhor Steel Tubes,10,141 to ₹151,99,Fresh Capital,"47,79,443 shares",,,Bookbuilding IPO,98.24,,25.51%,16.48%,1.63,22.60%,,,2.3,151,,,10.17,16.8,191.41,772.49,,,201.52,215.79,,,,,
Rashi Peripherals,5,295 to ₹311,48,Fresh Capital,"1,92,92,604 shares",,,Bookbuilding IPO,89.65,63.41,19.33%,14.21%,1.53,17.60%,,,1.86,311,,,11.75,14.23,151.45,66.15,,,11.01,,.,,,,
Aditya Infotech,1,640 to ₹675,22,Fresh Capital-cum-Offer for Sale,"1,92,67,928 shares","74,16,079 shares","Total Issue Size	1,92,67,928 shares",Bookbuilding IPO,92.58,76.7,34.53%,33.27%,0.41,34.53%,11.25%,,7.06,675,,,21.09,22.52,140.5,75.93,,,53.81,9.01,,,,,
Regaal Resources,5,96 to ₹102,144,Fresh Capital-cum-Offer for Sale,"2,99,99,520 shares","2,05,87,520 shares","Total Issue Size	2,99,99,520 shares",Bookbuilding IPO,99.56,70.45,20.25%,14.17%,2.08,20.25%,5.19%,,6.18,102,,,17.58,21.98,,356.72,,,57.75,,,,,,
